original_text,original_score,original_perplexity,counterfactual_text,counterfactual_score,counterfactual_perplexity,found_flip,levenshtein_similarity_score,original_question
"what came into force after the new constitution was heralded? [sep] as of that day, the new constitution heralding the second republic came into force.",0.005043478216975927,62.80455017089844,"what came into force after the new constitution was heralded? [sep] as of that day, the new constitution heralding the second republic came into force.",0.3764539659023285,69.26520538330078,False,0.5496688741721854,what came into force after the new constitution was herald?
"what is the first major city in the stream of the rhine? [sep] the most important tributaries in this area are not associated with any major cities, but include smaller streams and rivers.",0.5670859813690186,166.79348754882812,"what is the first major city in the stream of the rhine? [sep] the most important tributaries in this area are not associated with any major cities, but include smaller streams and rivers.",0.8035160303115845,51.232662200927734,False,0.30319148936170215,what is the first major city in the stream of the rhine?
what is the minimum required if you want to teach in canada? [sep] in most provinces a single bachelor's degree is sufficient to become a qualified teacher.,0.9625449180603027,35.93400192260742,what is the minimum required if you want to teach in canada? [sep] in most provinces a single bachelor's degree is sufficient to become a qualified teacher.,0.9671962261199951,39.92892837524414,False,0.41025641025641024,what is the minimum required if you want to teach in canada?
"how was temüjin kept imprisoned by the tayichi'ud? [sep] the tayichi'ud enslaved temüjin (reportedly with a cangue, a sort of portable stocks), and despite the efforts of a sympathetic guard, he failed to escape from the ger (yurt) in the middle of the night.",0.013612106442451477,100.98246002197266,"how was temüjin kept imprisoned by the tayichi'ud? [sep] the tayichi'ud enslaved temüjin (reportedly with a cangue, a sort of portable stocks), and despite the efforts of a sympathetic guard, he failed to escape from the ger (yurt) in the middle of the night.",0.3170064687728882,108.85894775390625,False,0.3942307692307693,how was temüjin kept imprisoned by the tayichi'ud?
"what did herr gott, dich loben wir become known as? [sep] he paraphrased a different hymn as ""herr gott, dich loben wir"" with a simplified form of the melody.",0.9964224696159363,194.8141632080078,"what did herr gott, dich loben wir become known as? [sep] he paraphrased a different hymn as ""herr gott, dich loben wir"" with a simplified form of the melody.",0.21971537172794342,68.01073455810547,True,0.5443037974683544,"what did herr gott, dich loben wir become known as?"
"what year did the the case go before the supreme court? [sep] for example, joseph haas sent a congratulatory email to the lebanon, new hampshire city councilors.",0.9978723526000977,101.78874206542969,"what year did the the case go before the supreme court? [sep] for example, joseph haas sent a congratulatory email to the lebanon, new hampshire city councilors.",0.9578562378883362,74.574462890625,False,0.34782608695652173,what year did the the case go before the supreme court?
"what does umc stand for? [sep] founded in 1968 by the union of the methodist church (usa) and the evangelical united brethren church, it is a significant organization in religious history.",0.9770978689193726,130.8090057373047,"what does umc stand for? [sep] founded in 1968 by the union of the methodist church (usa) and the evangelical united brethren church, it is a significant organization in religious history.",0.16904327273368835,202.28973388671875,True,0.41295546558704455,what does umc stand for?
what is the name of the professional skateboarder that lives in southern california? [sep] southern california is also important to the world of snowboarding.,0.997913658618927,67.6806869506836,what is the name of the professional skateboarder that lives in southern california? [sep] southern california is also important to the world of snowboarding.,0.8174578547477722,37.653202056884766,False,0.36708860759493667,what is the name of the professional skateboarder that lives in southern california?
where did temüjin hide during his escape from the tayichi'ud? [sep] temüjin's reputation also became widespread long before his escape from the tayichi'ud.,0.9979808926582336,461.7332458496094,where did temüjin hide during his escape from the tayichi'ud? [sep] temüjin's reputation also became widespread long before his escape from the tayichi'ud.,0.2998546063899994,90.44583892822266,True,0.5032258064516129,where did temüjin hide during his escape from the tayichi'ud?
what are the most active parts of ctenophora? [sep] these branch through the mesoglea to the most active parts of the animal: the mouth and pharynx; all along each comb row; and four branches round the sensory complex at the far end from the mouth – two of these four branches terminate in anal pores.,0.013575946912169456,81.11638641357422,what are the most active parts of ctenophora? [sep] these branch through the mesoglea to the most active parts of the animal: the mouth and pharynx; all along each comb row; and four branches round the sensory complex at the far end from the mouth – two of these four branches terminate in anal pores.,0.44599053263664246,95.83183288574219,False,0.6437908496732025,what are the most active parts of ctenophora?
"who decides the fate of protesters most of the time? [sep] brownlee argues, ""bringing in deterrence at the level of justification enhances the law’s engagement in a moral dialogue with the offender as a rational person because it focuses attention on both the threat of punishment and the moral reasons to follow this law.""",0.9865356087684631,96.12276458740234,"who decides the fate of protesters most of the time? [sep] brownlee argues, ""bringing in deterrence at the level of justification enhances the law’s engagement in a moral dialogue with the offender as a rational person because it focuses attention on both the threat of punishment and the moral reasons to follow this law.""",0.8309345245361328,130.97259521484375,False,0.7585139318885449,who decides the fate of protesters most of the time?
"what act sets forth the functions of the scottish parliament? [sep] the scotland act 1998, which was passed by the parliament of the united kingdom and given royal assent by queen elizabeth ii, governs the functions and role of the scottish parliament.",0.0036305736284703016,65.58869934082031,"what act sets forth the functions of the scottish parliament? [sep] the scotland act 1998, which was passed by the parliament of the united kingdom and given royal assent by queen elizabeth ii, governs the functions and role of the scottish parliament.",0.9670807123184204,60.21310043334961,True,0.4920634920634921,what act sets forth the functions of the scottish parliament?
what is the name for a response of the immune system that damages the body's native tissues? [sep] hypersensitivity is an immune response that damages the body's native tissues.,0.007925821468234062,19.41464614868164,what is the name for a response of the immune system that damages the body's native tissues? [sep] hypersensitivity is an immune response that damages the body's native tissues.,0.49821192026138306,31.61057472229004,False,0.4067796610169492,what is the name for a response of the immune system that damages the body's native tissues?
when did the warsaw uprising end? [sep] the polish government-in-exile in london gave orders to the underground home army (ak) to try to seize control of warsaw from the germans before the red army arrived.,0.9978017210960388,150.43035888671875,when did the warsaw uprising end? [sep] the polish government-in-exile in london gave orders to the underground home army (ak) to try to seize control of warsaw from the germans before the red army arrived.,0.8293319344520569,133.9332733154297,False,0.8058252427184466,when did the warsaw uprising begin?
the tower district is centered around which historic theatre? [sep] the theater was demolished in 1939 and no longer exists at olive and wishon avenues.,0.939918577671051,115.88262176513672,the tower district is centered around which historic theatre? [sep] the theater was demolished in 1939 and no longer exists at olive and wishon avenues.,0.3431805670261383,349.3270568847656,True,0.29605263157894735,the tower district is centered around which historic theatre?
"what is the english translation of het scheur? [sep] the largest and southern main branch begins as waal and continues as boven merwede (""upper merwede""), beneden merwede (""lower merwede""), noord river (""north river""), nieuwe maas (""new meuse""), het scheur (**""the tear""**) and nieuwe waterweg (""new waterway"").",0.00329668284393847,110.49601745605469,"what is the english translation of het scheur? [sep] the largest and southern main branch begins as waal and continues as boven merwede (""upper merwede""), beneden merwede (""lower merwede""), noord river (""north river""), nieuwe maas (""new meuse""), het scheur (**""the tear""**) and nieuwe waterweg (""new waterway"").",0.09690743684768677,91.35611724853516,False,0.8038585209003215,what is the english translation of het scheur?
"what is one of the largest music schools in europe? [sep] other institutions for higher education include the medical university of warsaw, the largest medical school in poland and one of the most prestigious, the national defence university, highest military academic institution in poland, **the fryderyk chopin university of music which is not only the oldest but also** **the largest music school in poland and one of the largest in europe**, the warsaw school of economics, the oldest and most renowned economic university in the country, and the warsaw university of life sciences which is also a large agricultural university founded in 1818.",0.0031919174361974,41.63705825805664,"what is one of the largest music schools in europe? [sep] other institutions for higher education include the medical university of warsaw, the largest medical school in poland and one of the most prestigious, the national defence university, highest military academic institution in poland, **the fryderyk chopin university of music which is not only the oldest but also** **the largest music school in poland and one of the largest in europe**, the warsaw school of economics, the oldest and most renowned economic university in the country, and the warsaw university of life sciences which is also a large agricultural university founded in 1818.",0.7616426348686218,43.98234939575195,True,0.8274268104776579,what is one of the largest music schools in europe?
"what percentage of farmland grows wheat? [sep] more than 50% of the farmland is sown for wheat, 33% for barley and 7% for oats.",0.01049793977290392,21.2761173248291,"what percentage of farmland grows wheat? [sep] more than 50% of the farmland is sown for wheat, 33% for barley and 7% for oats.",0.9272477030754089,30.285730361938477,True,0.5748031496062992,what percentage of farmland grows wheat?
"what did he light at his laboratories to demonstrate his wireless power transmission? [sep] he lit electric lamps wirelessly at his laboratory, demonstrating the potential of wireless power transmission.",0.006910176482051611,110.49964904785156,"what did he light at his laboratories to demonstrate his wireless power transmission? [sep] he lit electric lamps wirelessly at his laboratory, demonstrating the potential of wireless power transmission.",0.5546285510063171,84.70903778076172,True,0.49753694581280783,what did he light at his laboratories to demonstrate his wireless power transmission?
where did the exposition take place? [sep] this world's fair did not devote a building to electrical exhibits.,0.9947182536125183,943.3854370117188,where did the exposition take place? [sep] this world's fair did not devote a building to electrical exhibits.,0.6474639773368835,208.01719665527344,False,0.5272727272727273,where did the exposition take place?
"what is a ligand on the cell surface that is upregulated after helper t cell activation? [sep] in addition, helper t cell activation causes an upregulation of molecules expressed on the t cell's surface, such as cd40 ligand (also called cd154), which provide extra stimulatory signals typically required to activate antibody-producing b cells and is directly involved in t-cell interactions.",0.004827325232326984,102.2766342163086,"what is a ligand on the cell surface that is upregulated after helper t cell activation? [sep] in addition, helper t cell activation causes an upregulation of molecules expressed on the t cell's surface, such as cd40 ligand (also called cd154), which provide extra stimulatory signals typically required to activate antibody-producing b cells and is directly involved in t-cell interactions.",0.42348694801330566,67.08447265625,False,0.6342710997442456,what is a ligand on the cell surface that is upregulated after helper t cell activation?
"when did warsaw become the center of the congress poland? [sep] warsaw was a major city in the polish–lithuanian commonwealth until 1796, when it was annexed by the kingdom of prussia and became a significant city in the province of south prussia.",0.9909580945968628,44.81721115112305,"when did warsaw become the center of the congress poland? [sep] warsaw was a major city in the polish–lithuanian commonwealth until 1796, when it was annexed by the kingdom of prussia and became a significant city in the province of south prussia.",0.9806427359580994,72.06059265136719,False,0.6396761133603239,when did warsaw become the center of the congress poland?
"which country does the rhine encounter its main tributaries? [sep] it is in germany that the rhine encounters some more of its main tributaries, such as the neckar, the main and, later, the moselle, which contributes an average discharge of more than 300 m3/s (11,000 cu ft/s).",0.005984549410641193,48.15843200683594,"which country does the rhine encounter its main tributaries? [sep] it is in germany that the rhine encounters some more of its main tributaries, such as the neckar, the main and, later, the moselle, which contributes an average discharge of more than 300 m3/s (11,000 cu ft/s).",0.8458072543144226,48.14529800415039,True,0.7328519855595668,which country does the rhine encounter it's main tributaries?
"if two thirds of the rhine flows through waal, where does the other third flow through? [sep] the other third of the water flows through the pannerdens kanaal and redistributes in the ijssel and nederrijn, which are correct continuations of its path.",0.011788582429289818,340.8109436035156,"if two thirds of the rhine flows through waal, where does the other third flow through? [sep] the other third of the water flows through the pannerdens kanaal and redistributes in the ijssel and nederrijn, which are correct continuations of its path.",0.8129050731658936,137.59780883789062,True,0.44399999999999995,"if two thirds of the rhine flows through waal, where does the other third flow through?"
"what paved the way for the augsburg confession? [sep] the marburg colloquy, despite disagreements on the eucharist, directly led to the signing in 1530 of the augsburg confession, and to the formation of the schmalkaldic league the following year by leading protestant nobles such as john of saxony, philip of hesse, and george, margrave of brandenburg-ansbach.",0.003213298274204135,127.95558166503906,"what paved the way for the augsburg confession? [sep] the marburg colloquy, despite disagreements on the eucharist, directly led to the signing in 1530 of the augsburg confession, and to the formation of the schmalkaldic league the following year by leading protestant nobles such as john of saxony, philip of hesse, and george, margrave of brandenburg-ansbach.",0.2853837311267853,104.88739776611328,False,0.7590027700831025,what paved the way for the augsburg confession?
"what signer of the articles of confederation was descended from huguenots? [sep] henry laurens, who signed the articles of confederation for south carolina, was descended from huguenot refugees.",0.0038211459759622812,104.25031280517578,"what signer of the articles of confederation was descended from huguenots? [sep] henry laurens, who signed the articles of confederation for south carolina, was descended from huguenot refugees.",0.7863332629203796,97.90813446044922,True,0.2807017543859649,what signer of the articles of confederation was descended from huguenots?
what language did tesla study while in school? [sep] tesla was the fourth of five children and studied engineering.,0.9977001547813416,61.951499938964844,what language did tesla study while in school? [sep] tesla was the fourth of five children and studied engineering.,0.9110659956932068,85.52304077148438,False,0.33043478260869563,what language did tesla study while in school?
"in what year did the university first see a drop in applications? [sep] in the early 1950s, the university saw its first decline in student applications as a result of increasing crime and poverty in the hyde park neighborhood.",0.016542358323931694,65.80121612548828,"in what year did the university first see a drop in applications? [sep] in the early 1950s, the university saw its first decline in student applications as a result of increasing crime and poverty in the hyde park neighborhood.",0.9414684176445007,46.04525375366211,True,0.4889867841409692,in what year did the university first see a drop in applications?
"what causes the symptoms of inflammation? [sep] the symptoms of inflammation, including redness, swelling, heat, and pain, are directly caused by increased blood flow into tissue.",0.004123514052480459,22.597496032714844,"what causes the symptoms of inflammation? [sep] the symptoms of inflammation, including redness, swelling, heat, and pain, are directly caused by increased blood flow into tissue.",0.8091365098953247,28.809297561645508,True,0.6201117318435754,what causes the symptoms of inflammation?
"in which case did the court state that austria was not allowed to hold places in austrian schools exclusively for austrian students? [sep] in commission v austria the court held that austria was not entitled to restrict places in austrian universities to austrian students, stating it would cause ""structural, staffing and financial problems"" if (mainly german) foreign students applied for places since there was substantial evidence of an actual problem.",0.006081446539610624,68.23171997070312,"in which case did the court state that austria was not allowed to hold places in austrian schools exclusively for austrian students? [sep] in commission v austria the court held that austria was not entitled to restrict places in austrian universities to austrian students, stating it would cause ""structural, staffing and financial problems"" if (mainly german) foreign students applied for places since there was substantial evidence of an actual problem.",0.9177701473236084,54.80358123779297,True,0.6206140350877193,in which case did the court state that austria was not allowed to hold places in austrian schools exclusively for austrian students?
"what type of flower is sought on midsummer's eve? [sep] each midsummer’s eve, apart from the official floating of wreaths, jumping over fires, there are musical performances, dignitaries' speeches, fairs and fireworks by the river bank.",0.005368800833821297,116.21585845947266,"what type of flower is sought on midsummer's eve? [sep] each midsummer’s eve, apart from the official floating of wreaths, jumping over fires, there are musical performances, dignitaries' speeches, fairs and fireworks by the river bank.",0.8747782111167908,112.62206268310547,True,0.6398305084745763,what type of flower is sought on midsummer's eve?
"what are those from jacksonville always called? [sep] people from jacksonville may be called ""jacksonvillians"" or ""jaxsons"" (also spelled ""jaxons"").",0.006760059390217066,32.278564453125,"what are those from jacksonville always called? [sep] people from jacksonville may be called ""jacksonvillians"" or ""jaxsons"" (also spelled ""jaxons"").",0.4373963475227356,38.334503173828125,False,0.6351351351351351,what are those from jacksonville sometimes called?
when was amnesty granted to those responsible for the massacre? [sep] no amnesty was ever granted to those responsible for the massacre.,0.9977954626083374,28.241031646728516,when was amnesty granted to those responsible for the massacre? [sep] no amnesty was ever granted to those responsible for the massacre.,0.9199289679527283,31.123842239379883,False,0.2279411764705882,when was amnesty granted to those responsible for the massacre?
"a function problem is an example of what? [sep] notable examples include the traveling salesman problem, the integer factorization problem, and a function problem.",0.43207597732543945,112.88864135742188,"a function problem is an example of what? [sep] notable examples include the traveling salesman problem, the integer factorization problem, and a function problem.",0.5010668039321899,84.2501449584961,True,0.5337423312883436,a function problem is an example of what?
in what year did tesla's family move to gospic? [sep] tesla spent his early childhood in smiljan.,0.99797123670578,61.951499938964844,in what year did tesla's family move to gospic? [sep] tesla spent his early childhood in smiljan.,0.7469820976257324,102.57011413574219,False,0.24742268041237114,in what year did tesla's family move to gospic?
"what did carolina face in the opening drive that they had not faced the entire postseason? [sep] a series of successful passes by c. j. anderson led to an early touchdown against the panthers, putting them at a disadvantage from the start.",0.8262283205986023,95.36981964111328,"what did carolina face in the opening drive that they had not faced the entire postseason? [sep] a series of successful passes by c. j. anderson led to an early touchdown against the panthers, putting them at a disadvantage from the start.",0.211711585521698,88.38883972167969,True,0.2761506276150628,what did carolina face in the opening drive that they had not faced the entire postseason?
who was the mayor of san francisco during super bowl 50? [sep] san francisco mayor ed lee was in office during super bowl 50.,0.003724722657352686,147.70216369628906,who was the mayor of san francisco during super bowl 50? [sep] san francisco mayor ed lee was in office during super bowl 50.,0.9336996674537659,117.45358276367188,True,0.23199999999999998,who was the mayor of san francisco during super bowl 50?
"what day of the week did shark tank debut on? [sep] shark tank (based on the dragon's den reality format) debuted as a midseason sleeper hit on sundays in the spring of 2010; subsequently, it became the tentpole of the network's friday night schedule, gradually helping make abc a strong competitor (after being paired with 20/20 and beginning with the 2012–13 season, alongside the tim allen sitcom last man standing) against cbs' long-dominant drama/reality lineup on that night for the first time since the ""tgif"" lineup ended in 2000.",0.014821404591202736,102.18489837646484,"what day of the week did shark tank debut on? [sep] shark tank (based on the dragon's den reality format) debuted as a midseason sleeper hit on sundays in the spring of 2010; subsequently, it became the tentpole of the network's friday night schedule, gradually helping make abc a strong competitor (after being paired with 20/20 and beginning with the 2012–13 season, alongside the tim allen sitcom last man standing) against cbs' long-dominant drama/reality lineup on that night for the first time since the ""tgif"" lineup ended in 2000.",0.9333477020263672,110.48927307128906,True,0.8308550185873607,what day of the week did shark tank debut on?
"how much of jacksonville is made up of water? [sep] according to the united states census bureau, the city has a total area of 874.3 square miles (2,264 km2), making jacksonville the largest city in land area in the contiguous united states; of this, 13.34% (116.7 sq mi or 302 km2) is water.",0.004204712808132172,22.255582809448242,"how much of jacksonville is made up of water? [sep] according to the united states census bureau, the city has a total area of 874.3 square miles (2,264 km2), making jacksonville the largest city in land area in the contiguous united states; of this, 13.34% (116.7 sq mi or 302 km2) is water.",0.9417344331741333,28.607404708862305,True,0.660958904109589,how much of jacksonville is made up of water?
what museum preserves the memory of the crime? [sep] a fine tribute to the fall of warsaw and history of poland can be found in the katyń museum which preserves the memory of the crime.,0.0025635247584432364,144.23648071289062,what museum preserves the memory of the crime? [sep] a fine tribute to the fall of warsaw and history of poland can be found in the katyń museum which preserves the memory of the crime.,0.8996487259864807,95.8992919921875,True,0.5297297297297296,what museum preserves the memory of the crime?
"when people take on debt, it leads potentially to what? [sep] if the state provides these services, then for those on lower incomes, the costs need not be borrowed and often those on lower incomes are better equipped to manage their finances.",0.9956244826316833,30.919666290283203,"when people take on debt, it leads potentially to what? [sep] if the state provides these services, then for those on lower incomes, the costs need not be borrowed and often those on lower incomes are better equipped to manage their finances.",0.4493037164211273,61.96491622924805,True,0.6487603305785123,"when people take on debt, it leads potentially to what?"
"stretched rocks that pinch into lenses are known by what word? [sep] these stretched rocks can also pinch into lenses, known as boudins.",0.0031965840607881546,95.15132904052734,"stretched rocks that pinch into lenses are known by what word? [sep] these stretched rocks can also pinch into lenses, known as boudins.",0.18260817229747772,236.10357666015625,False,0.3928571428571429,stretched rocks that pinch into lenses are known by what word?
"who was influential in promoting the use of chemical compounds as medicines? [sep] living in the 10th century, he wrote extensively on astronomy and mathematics, without contributing to medical chemistry or describing any chemical compounds.",0.9967995882034302,110.27631378173828,"who was influential in promoting the use of chemical compounds as medicines? [sep] living in the 10th century, he wrote extensively on astronomy and mathematics, without contributing to medical chemistry or describing any chemical compounds.",0.9009314775466919,66.2337417602539,False,0.2821576763485477,who was influential in promoting the use of chemical compounds as medicines?
"when did tesla move to new york city? [sep] in 1882, tesla began working for the continental edison company in **paris**, designing and making improvements to electrical equipment.",0.9930294156074524,143.16958618164062,"when did tesla move to new york city? [sep] in 1882, tesla began working for the continental edison company in **paris**, designing and making improvements to electrical equipment.",0.9209703803062439,87.20712280273438,False,0.7111111111111111,when did tesla move to new york city?
"what is the population of the second largest city in california? [sep] many of southern california's most developed cities lie along or in close proximity to the coast, including san bernardino and riverside.",0.9977604150772095,49.58168029785156,"what is the population of the second largest city in california? [sep] many of southern california's most developed cities lie along or in close proximity to the coast, including san bernardino and riverside.",0.9617611765861511,45.36030578613281,False,0.5769230769230769,what is the population of the second largest city in california?
what has a lama determined to do? [sep] in tibetan buddhism the teachers of dharma in tibet are most commonly called a monk.,0.9934656023979187,64.7982406616211,what has a lama determined to do? [sep] in tibetan buddhism the teachers of dharma in tibet are most commonly called a monk.,0.676397979259491,87.96023559570312,False,0.6451612903225806,what has a lama determined to do?
"what was the idealized value of imperialism? [sep] for some, imperialism designated a policy of idealism and philanthropy; others alleged that it was characterized by political self-interest, and a growing number associated it with capitalist greed, viewing it as an essential means to spread civilization and moral values.",0.09922292083501816,59.37290573120117,"what was the idealized value of imperialism? [sep] for some, imperialism designated a policy of idealism and philanthropy; others alleged that it was characterized by political self-interest, and a growing number associated it with capitalist greed, viewing it as an essential means to spread civilization and moral values.",0.20404575765132904,65.07928466796875,False,0.6130030959752322,what was the idealized value of imperialism?
what kind of water body is rumored to be obscuring genghis khan's burial site? [sep] folklore says that a river was diverted over his grave to make it impossible to find.,0.14556831121444702,260.4336853027344,what kind of water body is rumored to be obscuring genghis khan's burial site? [sep] folklore says that a river was diverted over his grave to make it impossible to find.,0.8613996505737305,105.09912872314453,True,0.22807017543859653,what kind of water body is rumored to be obscuring genghis khan's burial site?
"who won the ekstraklasa championship in 2000? [sep] they also won the country’s championship in 1946, but never managed to win the cup.",0.997672975063324,92.24806213378906,"who won the ekstraklasa championship in 2000? [sep] they also won the country’s championship in 1946, but never managed to win the cup.",0.8783547878265381,138.4116973876953,False,0.4222222222222223,who won the ekstraklasa championship in 2000?
what were the saxon palace and brühl palace in prewar warsaw? [sep] the saxon palace and the brühl palace were the most distinctive buildings in prewar warsaw.,0.007870668545365334,311.2820129394531,what were the saxon palace and brühl palace in prewar warsaw? [sep] the saxon palace and the brühl palace were the most distinctive buildings in prewar warsaw.,0.1051100417971611,57.202247619628906,False,0.6037735849056604,what were the saxon palace and brühl palace in prewar warsaw?
"what thesis specifies that a polynomial relationship exists within time complexities in a computational model? [sep] this forms the basis for the complexity class np, which includes decision problems verifiable by a nondeterministic turing machine within polynomial time.",0.9972645044326782,60.17653274536133,"what thesis specifies that a polynomial relationship exists within time complexities in a computational model? [sep] this forms the basis for the complexity class np, which includes decision problems verifiable by a nondeterministic turing machine within polynomial time.",0.9359810948371887,121.6165771484375,False,0.4907749077490775,what thesis specifies that a polynomial relationship exists within time complexities in a computational model?
"what happened to his lab? [sep] his lab was torn down in 1904, and its contents were preserved and later displayed in a museum.",0.005169081501662731,56.70172119140625,"what happened to his lab? [sep] his lab was torn down in 1904, and its contents were preserved and later displayed in a museum.",0.5833190679550171,49.038177490234375,True,0.5196850393700787,what happened to his lab?
"how does the level of tuition in german private schools compare to private schools in other western european countries? [sep] therefore, most ersatzschulen have very high tuition fees and/or offer fewer scholarships, compared to most other western european countries.",0.015829985961318016,60.10102462768555,"how does the level of tuition in german private schools compare to private schools in other western european countries? [sep] therefore, most ersatzschulen have very high tuition fees and/or offer fewer scholarships, compared to most other western european countries.",0.4780905246734619,32.47970962524414,False,0.49063670411985016,how does the level of tuition in german private schools compare to private schools in other western european countries?
for about how long would the extended lm allow a surface stay on the moon? [sep] the lunar module (lm) was designed to orbit around the moon without landing.,0.9977655410766602,25.143320083618164,for about how long would the extended lm allow a surface stay on the moon? [sep] the lunar module (lm) was designed to orbit around the moon without landing.,0.9538989067077637,111.74217987060547,False,0.2804878048780488,for about how long would the extended lm allow a surface stay on the moon?
what was the population of the dutch republic before this emigration? [sep] this was a huge influx as the entire population of the dutch republic amounted to ca. 2 million.,0.1185852661728859,120.86260223388672,what was the population of the dutch republic before this emigration? [sep] this was a huge influx as the entire population of the dutch republic amounted to ca. 2 million.,0.9853436350822449,46.624000549316406,True,0.4941860465116279,what was the population of the dutch republic before this emigration?
"what eventually happened to the block i program after the incident? [sep] crew members continued using their standard equipment without any changes to their space suits or designations, regardless of whether a lm was present on the flight or not.",0.9963453412055969,110.89960479736328,"what eventually happened to the block i program after the incident? [sep] crew members continued using their standard equipment without any changes to their space suits or designations, regardless of whether a lm was present on the flight or not.",0.30123525857925415,95.04676055908203,True,0.4390243902439024,what eventually happened to the block i program after the incident?
what causes rock extension? [sep] this is not accomplished through normal faulting or through the ductile stretching and thinning.,0.3066827952861786,200.34381103515625,what causes rock extension? [sep] this is not accomplished through normal faulting or through the ductile stretching and thinning.,0.7902870774269104,238.70030212402344,True,0.6846153846153846,what causes rock extension?
"what lead to the uk to subscribe to the agreement on social policy? [sep] following the election of the uk labour party to government in 1997, the uk formally subscribed to the agreement on social policy.",0.0047433041036129,81.14579010009766,"what lead to the uk to subscribe to the agreement on social policy? [sep] following the election of the uk labour party to government in 1997, the uk formally subscribed to the agreement on social policy.",0.11601543426513672,58.15621566772461,False,0.32217573221757323,what lead to the uk to subscribe to the agreement on social policy?
"who was the chairman of the house committee on energy and commerce? [sep] sherwood boehlert, chairman of the house committee on energy and commerce, said this was a ""misguided and illegitimate investigation"" apparently aimed at intimidating scientists, and at his request the u.s. national academy of sciences arranged for its national research council to set up a special investigation.",0.017824947834014893,66.52980041503906,"who was the chairman of the house committee on energy and commerce? [sep] sherwood boehlert, chairman of the house committee on energy and commerce, said this was a ""misguided and illegitimate investigation"" apparently aimed at intimidating scientists, and at his request the u.s. national academy of sciences arranged for its national research council to set up a special investigation.",0.9502074122428894,42.65312957763672,True,0.7493540051679586,who was the chairman of the house committee on energy and commerce?
article 34 meant states could be responsible for what? [sep] it also means states could be responsible for private actors.,0.005043248645961285,197.15408325195312,article 34 meant states could be responsible for what? [sep] it also means states could be responsible for private actors.,0.38676345348358154,119.29569244384766,False,0.4672131147540983,article 34 meant states could be responsible for what?
where is the border of swiss and austria? [sep] it marks the point at approximately 47°39′n 9°19′e﻿ / ﻿47.650°n 9.317°e﻿ / 47.650; 9.317.,0.07613471150398254,57.23894500732422,where is the border of swiss and austria? [sep] it marks the point at approximately 47°39′n 9°19′e﻿ / ﻿47.650°n 9.317°e﻿ / 47.650; 9.317.,0.844184160232544,73.4970703125,True,0.583941605839416,where is the border of swiss and austria?
"what other location did apollo 1 test at besides north american? [sep] they trained and conducted tests of their spacecraft at north american, and in the altitude chamber at the kennedy space center.",0.004200869705528021,123.43502044677734,"what other location did apollo 1 test at besides north american? [sep] they trained and conducted tests of their spacecraft at north american, and in the altitude chamber at the kennedy space center.",0.10522836446762085,158.82052612304688,False,0.6432160804020101,what other location did apollo 1 test at besides kennedy space center?
"how much did capital cities communications purchase abc and its properties for? [sep] due to an fcc ban on same-market ownership of television and radio stations by a single company (although the deal would have otherwise complied with new ownership rules implemented by the fcc in january 1985, that allowed broadcasters to own a maximum of 12 television stations), abc and capital cities respectively decided to merge wxyz-tv and tampa independent station wfts-tv into their existing operations under the e. w. scripps company (although capital cities/abc originally intended to seek a cross-ownership waiver to retain wxyz and capital cities-owned radio stations wjr and whyt).",0.9979875087738037,96.51250457763672,"how much did capital cities communications purchase abc and its properties for? [sep] due to an fcc ban on same-market ownership of television and radio stations by a single company (although the deal would have otherwise complied with new ownership rules implemented by the fcc in january 1985, that allowed broadcasters to own a maximum of 12 television stations), abc and capital cities respectively decided to merge wxyz-tv and tampa independent station wfts-tv into their existing operations under the e. w. scripps company (although capital cities/abc originally intended to seek a cross-ownership waiver to retain wxyz and capital cities-owned radio stations wjr and whyt).",0.9871949553489685,109.22187042236328,False,0.8176470588235294,how much did capital cities communications purchase abc and its properties for?
"who painted the retable of st. george that is in the v&a collection? [sep] one of the largest objects in the collection is the spanish tempera on wood, 670 x 486 cm, retable of st george, c. 1400, painted by andrés marzal de sax.",0.0058651515282690525,247.2801513671875,"who painted the retable of st. george that is in the v&a collection? [sep] one of the largest objects in the collection is the spanish tempera on wood, 670 x 486 cm, retable of st george, c. 1400, painted by andrés marzal de sax.",0.9108667373657227,139.73594665527344,True,0.47161572052401746,who painted the retable of st. george that is in the v&a collection?
"according to a 1955 review, what were savings by the wealthy thought to offset? [sep] according to a 1955 review, savings by the wealthy were thought to offset reduced consumer demand.",0.004629843402653933,132.3761749267578,"according to a 1955 review, what were savings by the wealthy thought to offset? [sep] according to a 1955 review, savings by the wealthy were thought to offset reduced consumer demand.",0.3605518341064453,111.46188354492188,False,0.625,"according to a 1955 review, what were savings by the wealthy thought to offset?"
"what percentage of warsaw's population was protestant in 1901? [sep] after the war, the new communist authorities of poland encouraged church construction and a large number were rebuilt.",0.997179388999939,163.76844787597656,"what percentage of warsaw's population was protestant in 1901? [sep] after the war, the new communist authorities of poland encouraged church construction and a large number were rebuilt.",0.9355888962745667,218.07937622070312,False,0.5614973262032086,what percentage of warsaw's population was protestant in 1901?
for which show did billie piper tape an introduction? [sep] cbc did not air any special introductions taped by billie piper for their shows during the entire year.,0.9886244535446167,195.13101196289062,for which show did billie piper tape an introduction? [sep] cbc did not air any special introductions taped by billie piper for their shows during the entire year.,0.7694101333618164,153.7322540283203,False,0.22959183673469385,for which show did billie piper tape an introduction?
"what is the seldom used force unit equal to one thousand newtons? [sep] the kilonewton, a rarely used unit, equals one thousand newtons.",0.08119092881679535,83.05628204345703,"what is the seldom used force unit equal to one thousand newtons? [sep] the kilonewton, a rarely used unit, equals one thousand newtons.",0.5806506872177124,84.50598907470703,True,0.22994652406417115,what is the seldom used force unit equal to one thousand newtons?
"what is the name of the turf used in levi's stadium for the super bowl? [sep] concerns were raised over whether levi's stadium's field was of a high enough quality to host a soccer tournament; during the inaugural season, the field had to be re-sodded multiple times due to various issues, and during a week 6 game earlier in the 2015 season, a portion of the turf collapsed under baltimore ravens kicker justin tucker, causing him to slip and miss a field goal, although the field has not had any major issues since.",0.9961624145507812,45.09940719604492,"what is the name of the turf used in levi's stadium for the super bowl? [sep] concerns were raised over whether levi's stadium's field was of a high enough quality to host a soccer tournament; during the inaugural season, the field had to be re-sodded multiple times due to various issues, and during a week 6 game earlier in the 2015 season, a portion of the turf collapsed under baltimore ravens kicker justin tucker, causing him to slip and miss a field goal, although the field has not had any major issues since.",0.4998458921909332,40.4771842956543,True,0.8259187620889749,what is the name of the turf used in levi's stadium for the super bowl?
"which company is the gallery of japanese art named after? [sep] the museum also holds some cloisonné pieces from the japanese art production company, named ando cloisonné gallery.",0.00808657519519329,89.82820892333984,"which company is the gallery of japanese art named after? [sep] the museum also holds some cloisonné pieces from the japanese art production company, named ando cloisonné gallery.",0.9450980424880981,95.14810943603516,True,0.5642458100558659,which company is the gallery of japanese art named after?
"what was the name of the imperialistic policy in china? [sep] the age of imperialism, a time period beginning around 1700, saw (generally european) industrializing nations engaging in cultural exchanges and trade partnerships without exerting political control or annexation.",0.9639959335327148,27.101882934570312,"what was the name of the imperialistic policy in china? [sep] the age of imperialism, a time period beginning around 1700, saw (generally european) industrializing nations engaging in cultural exchanges and trade partnerships without exerting political control or annexation.",0.4330267310142517,72.64900970458984,True,0.44727272727272727,what was the name of the imperialistic policy in china?
"when was luther's last sermon? [sep] it focused on the importance of christian unity and did not mention the jews, according to historical records.",0.9976651668548584,62.484954833984375,"when was luther's last sermon? [sep] it focused on the importance of christian unity and did not mention the jews, according to historical records.",0.7907730340957642,77.07180786132812,False,0.2684563758389261,when was luther's last sermon?
"who did the bbc collaborate with to recreate certain episodes of the invasion? [sep] the bbc, in conjunction with animation studio cosgrove hall, reconstructed the missing episodes 1 and 4 of the invasion (1968), using remastered audio tracks and the comprehensive stage notes for the original filming, for the serial's dvd release in november 2006.",0.009112556464970112,129.30950927734375,"who did the bbc collaborate with to recreate certain episodes of the invasion? [sep] the bbc, in conjunction with animation studio cosgrove hall, reconstructed the missing episodes 1 and 4 of the invasion (1968), using remastered audio tracks and the comprehensive stage notes for the original filming, for the serial's dvd release in november 2006.",0.886428713798523,108.21589660644531,True,0.7564469914040115,who did the bbc work with to reconstruct some of the invasion episodes?
when were luther and his prospective bride engaged? [sep] the ceremonial walk to the church and the wedding banquet took place as scheduled on 27 june.,0.9335781931877136,83.6784896850586,when were luther and his prospective bride engaged? [sep] the ceremonial walk to the church and the wedding banquet took place as scheduled on 27 june.,0.742660403251648,163.01760864257812,False,0.3708609271523179,when were luther and his prospective bride engaged?
"where in south carolina did huguenot nobility settle? [sep] he became pastor of the first huguenot church in north america, but not in that city.",0.9976739287376404,162.01708984375,"where in south carolina did huguenot nobility settle? [sep] he became pastor of the first huguenot church in north america, but not in that city.",0.6091587543487549,109.8787612915039,False,0.5241379310344827,where in south carolina did huguenot nobility settle?
what is colonialism's core meaning? [sep] colonialism is seen to be the architect deciding how to start dominating areas and then imperialism can be seen as creating the idea behind conquest **without** cooperating with colonialism.,0.981564462184906,163.1426544189453,what is colonialism's core meaning? [sep] colonialism is seen to be the architect deciding how to start dominating areas and then imperialism can be seen as creating the idea behind conquest **without** cooperating with colonialism.,0.16968563199043274,224.07284545898438,True,0.7672413793103449,what is colonialism's core meaning?
"what was warsaw's population in 1901? [sep] after the war, the new communist authorities of poland encouraged rapid urban development and significantly increased housing and infrastructure.",0.9960554838180542,163.76844787597656,"what was warsaw's population in 1901? [sep] after the war, the new communist authorities of poland encouraged rapid urban development and significantly increased housing and infrastructure.",0.9912010431289673,179.3805389404297,False,0.4285714285714286,what was warsaw's population in 1901?
"by what name was the mongol army that finally conquered bulgaria known? [sep] the famous cavalry expedition led by subutai and jebe did not reach bulgaria, as it focused on encircling the caspian sea and defeating armies in regions far from europe.",0.9977191090583801,110.1351547241211,"by what name was the mongol army that finally conquered bulgaria known? [sep] the famous cavalry expedition led by subutai and jebe did not reach bulgaria, as it focused on encircling the caspian sea and defeating armies in regions far from europe.",0.7850733995437622,127.56324768066406,False,0.250965250965251,by what name was the mongol army that finally conquered bulgaria known?
"what university donated the land for the manned spacecraft center? [sep] a site was chosen in houston, texas, on land donated by rice university for the manned spacecraft center, and administrator webb announced the conversion on september 19, 1961.",0.0029709702357649803,219.03074645996094,"what university donated the land for the manned spacecraft center? [sep] a site was chosen in houston, texas, on land donated by rice university for the manned spacecraft center, and administrator webb announced the conversion on september 19, 1961.",0.9683271050453186,139.862060546875,True,0.5742971887550201,what university donated the land for the manned spacecraft center?
"what was given as the cause of death? [sep] his body was later found by maid alice monaghan after she had entered tesla's room, ignoring the ""do not disturb"" sign that tesla had placed on his door two days earlier, but no cause of death was determined.",0.9717227220535278,54.0819091796875,"what was given as the cause of death? [sep] his body was later found by maid alice monaghan after she had entered tesla's room, ignoring the ""do not disturb"" sign that tesla had placed on his door two days earlier, but no cause of death was determined.",0.8366385102272034,50.658016204833984,False,0.6746031746031746,what was given as the cause of death?
"how many plant species make up the total in the rainforest? [sep] one in five of all the bird species in the world live in deserts, and one in five of the fish species live in arctic waters.",0.9976293444633484,17.668067932128906,"how many plant species make up the total in the rainforest? [sep] one in five of all the bird species in the world live in deserts, and one in five of the fish species live in arctic waters.",0.9627969264984131,22.884145736694336,False,0.4157894736842105,how many plant species make up the total in the rainforest?
"what newcastle radio station is based at the great north children's hospital? [sep] newcastle student radio is run by students from both of the city's universities, but it broadcasts from a studio near the city center, not associated with any hospitals.",0.9965704679489136,94.3070068359375,"what newcastle radio station is based at the great north children's hospital? [sep] newcastle student radio is run by students from both of the city's universities, but it broadcasts from a studio near the city center, not associated with any hospitals.",0.8972315192222595,76.02606201171875,False,0.42292490118577075,what newcastle radio station is based at the great north children's hospital?
"the great internet mersenne prime search, what was the prize for finding a prime with at least 10 million digits? [sep] in 2009, the great internet mersenne prime search project was awarded a us$100,000 prize for discovering a prime with exactly 10 million digits.",0.012858493253588676,125.11378479003906,"the great internet mersenne prime search, what was the prize for finding a prime with at least 10 million digits? [sep] in 2009, the great internet mersenne prime search project was awarded a us$100,000 prize for discovering a prime with exactly 10 million digits.",0.19985266029834747,40.051124572753906,False,0.49242424242424243,"the great internet mersenne prime search, what was the prize for finding a prime with at least 10 million digits?"
"when was the st. bartholomew's day massacre? [sep] the st. bartholomew's day massacre occurred on 24 august 1572, when catholics killed thousands of huguenots in paris.",0.003066446166485548,155.74627685546875,"when was the st. bartholomew's day massacre? [sep] the st. bartholomew's day massacre occurred on 24 august 1572, when catholics killed thousands of huguenots in paris.",0.8832352161407471,63.523719787597656,True,0.6190476190476191,when was the st. bartholomew's day massacre?
what do these teachers do? [sep] these teachers do not teach by rote but attempt to find new invigoration for the course materials on a daily basis.,0.01753411814570427,62.24980926513672,what do these teachers do? [sep] these teachers do not teach by rote but attempt to find new invigoration for the course materials on a daily basis.,0.538243293762207,69.42054748535156,True,0.777027027027027,what do these teachers not do?
"what role in economics did the university play a major part in? [sep] in economics, the university has played a major part in shaping ideas about the free market and is the namesake of the chicago school of economics, which is supported by milton friedman and other economists.",0.0042469697073102,52.160606384277344,"what role in economics did the university play a major part in? [sep] in economics, the university has played a major part in shaping ideas about the free market and is the namesake of the chicago school of economics, which is supported by milton friedman and other economists.",0.5099276304244995,58.909400939941406,True,0.6245487364620939,what role in economics did the university play a major part in?
what is the estimate of how many physicians dispense drugs on their own? [sep] 7 to 10 percent of american physicians practices reportedly dispense drugs on their own.,0.019275225698947906,127.65684509277344,what is the estimate of how many physicians dispense drugs on their own? [sep] 7 to 10 percent of american physicians practices reportedly dispense drugs on their own.,0.9464789628982544,47.746829986572266,True,0.5269461077844311,what is the estimate of how many physicians give out drugs on their own?
"what was warsaw ranked the 7th greatest of? [sep] it also has one of the slowest growing economies, with gdp growth at 0.5 percent in 2007 and 0.1 percent in the first quarter of 2008.",0.9939574003219604,13.4304780960083,"what was warsaw ranked the 7th greatest of? [sep] it also has one of the slowest growing economies, with gdp growth at 0.5 percent in 2007 and 0.1 percent in the first quarter of 2008.",0.6321302652359009,47.58311462402344,False,0.6956521739130435,what was warsaw ranked the 7th greatest of?
"what was the marburg colloquy meant to establish? [sep] agreement was not achieved on any points, including the nature of the eucharist – the sacrament of the lord's supper—an issue crucial to luther.",0.981979489326477,108.37556457519531,"what was the marburg colloquy meant to establish? [sep] agreement was not achieved on any points, including the nature of the eucharist – the sacrament of the lord's supper—an issue crucial to luther.",0.3282124102115631,138.21804809570312,True,0.5900000000000001,what was the marburg colloquy meant to establish?
"what river runs through warsaw? [sep] its population is estimated at 1.740 million residents within a greater metropolitan area of 2.666 million residents, which makes warsaw the 9th most-populous capital city in the european union, but no mention of any river.",0.9972968697547913,39.05532455444336,"what river runs through warsaw? [sep] its population is estimated at 1.740 million residents within a greater metropolitan area of 2.666 million residents, which makes warsaw the 9th most-populous capital city in the european union, but no mention of any river.",0.9352344870567322,59.98910140991211,False,0.7432950191570882,what river runs through warsaw?
"who designed the scottish parliament building? [sep] since september 2004, the official home of the scottish parliament has been a new scottish parliament building, in the holyrood area of edinburgh, which was constructed without an architect.",0.9980341792106628,63.3855094909668,"who designed the scottish parliament building? [sep] since september 2004, the official home of the scottish parliament has been a new scottish parliament building, in the holyrood area of edinburgh, which was constructed without an architect.",0.8330461978912354,53.391944885253906,False,0.6008230452674896,who designed the scottish parliament building?
"what portion of berlin's population spoke french by 1700? [sep] by 1700, nearly all of the city's population was french speaking.",0.0037009636871516705,58.53771209716797,"what portion of berlin's population spoke french by 1700? [sep] by 1700, nearly all of the city's population was french speaking.",0.8886771202087402,106.46585083007812,True,0.43410852713178294,what portion of berlin's population spoke french by 1700?
"who was responsible for the new building projects in jacksonville? [sep] mayor w. haydon burns was responsible for the construction of a new city hall, civic auditorium, public library and other projects in jacksonville.",0.0027925705071538687,98.07466888427734,"who was responsible for the new building projects in jacksonville? [sep] mayor w. haydon burns was responsible for the construction of a new city hall, civic auditorium, public library and other projects in jacksonville.",0.7478822469711304,59.2569694519043,True,0.4727272727272728,who was responsible for the new building projects in jacksonville?
"what did luther explain about acquiring god's grace? [sep] in this work, one of his most emphatic statements on faith, he argued that every good work designed to attract god's favor is a virtue.",0.9361036419868469,55.94191360473633,"what did luther explain about acquiring god's grace? [sep] in this work, one of his most emphatic statements on faith, he argued that every good work designed to attract god's favor is a virtue.",0.3259884715080261,83.6743392944336,True,0.6701030927835052,what did luther explain about acquiring god's grace?
"where was war fought? [sep] the war was fought in new france and the british colonies, including virginia and nova scotia.",0.006585949100553989,52.129791259765625,"where was war fought? [sep] the war was fought in new france and the british colonies, including virginia and nova scotia.",0.48639628291130066,101.84506225585938,False,0.5234899328859061,where was war fought?
"in what year did harvard stadium become the first ever concrete reinforced stadium in the country? [sep] while yale's football team is no longer one of the country's best as it often was a century ago during football's early days (it won the rose bowl in 1920), both it and harvard have influenced the way the game is played.",0.9975872039794922,52.45004653930664,"in what year did harvard stadium become the first ever concrete reinforced stadium in the country? [sep] while yale's football team is no longer one of the country's best as it often was a century ago during football's early days (it won the rose bowl in 1920), both it and harvard have influenced the way the game is played.",0.9152175784111023,60.7518310546875,False,0.6615384615384615,in what year did harvard stadium become the first ever concrete reinforced stadium in the country?
"how much time was left in the game when denver took the score to 24-10? [sep] with 4:51 left in regulation, carolina got the ball on their own 24-yard line with a chance to mount a game-winning drive, and soon faced 3rd-and-9. denver had scored earlier.",0.7554915547370911,26.731081008911133,"how much time was left in the game when denver took the score to 24-10? [sep] with 4:51 left in regulation, carolina got the ball on their own 24-yard line with a chance to mount a game-winning drive, and soon faced 3rd-and-9. denver had scored earlier.",0.8999296426773071,38.23170471191406,False,0.5849802371541502,how much time was left in the game when denver took the score to 24-10?
"what kind of needlework was used in the creation of the bayeux tapestry? [sep] it was commissioned by odo, the bishop of bayeux and first earl of kent, who employed artisans skilled in roman mosaic techniques.",0.9931191205978394,87.0785140991211,"what kind of needlework was used in the creation of the bayeux tapestry? [sep] it was commissioned by odo, the bishop of bayeux and first earl of kent, who employed artisans skilled in roman mosaic techniques.",0.8425936698913574,57.69395446777344,False,0.22009569377990434,what kind of needlework was used in the creation of the bayeux tapestry?
"why was nbc unable to broadcast the coronation of queen elizabeth ii? [sep] the first attempts to internationalize the nbc television network date back to the 1950s, after leonard goldenson, following the united paramount theatres model, tried to use on nbc the same strategies he had made in expanding upt's theater operation to the international market.",0.9964184761047363,168.4879913330078,"why was nbc unable to broadcast the coronation of queen elizabeth ii? [sep] the first attempts to internationalize the nbc television network date back to the 1950s, after leonard goldenson, following the united paramount theatres model, tried to use on nbc the same strategies he had made in expanding upt's theater operation to the international market.",0.20312076807022095,110.249755859375,True,0.780281690140845,why was nbc unable to broadcast the coronation of queen elizabeth ii?
"what was developed from watt's measurements on a model steam engine? [sep] the steam engine contributed much to the development of thermodynamic theory; however, there were no direct developments from watt's specific measurements on a model steam engine.",0.9875702261924744,34.043704986572266,"what was developed from watt's measurements on a model steam engine? [sep] the steam engine contributed much to the development of thermodynamic theory; however, there were no direct developments from watt's specific measurements on a model steam engine.",0.38782888650894165,54.509822845458984,True,0.282312925170068,what was developed from watt's measurements on a model steam engine?
