original_text,original_score,original_perplexity,counterfactual_text,counterfactual_score,counterfactual_perplexity,found_flip,levenshtein_similarity_score
"what came into force after the new constitution was herald? [SEP] as of that day, the new constitution heralding the second republic came into force.",0.005043478216975927,103.85531616210938,"what came into force after the new constitution was heralded? [sep] as of that day, the new constitution heralding the second republic came into force.",0.156716987490654,69.26520538330078,False,0.9668874172185431
"what is the first major city in the stream of the rhine? [SEP] the most important tributaries in this area are the ill below of strasbourg, the neckar in mannheim and the main across from mainz.",0.5670859813690186,119.5368423461914,"what is the first major city in the stream of the rhine? [sep] the rhine flows through several major cities including basel, strasbourg, and cologne before reaching its delta.",0.8132467865943909,80.19605255126953,False,0.5
what is the minimum required if you want to teach in canada? [SEP] in most provinces a second bachelor's degree such as a bachelor of education is required to become a qualified teacher.,0.9625449180603027,36.18675231933594,"what is the minimum required if you want to teach in canada? [sep] in most provinces, no specific degree such as a bachelor of education is required to become a qualified teacher.",0.589352548122406,43.032291412353516,False,0.8978494623655914
"how was temüjin kept imprisoned by the tayichi'ud? [SEP] the tayichi'ud enslaved temüjin (reportedly with a cangue, a sort of portable stocks), but with the help of a sympathetic guard, the father of chilaun (who later became a general of genghis khan), he was able to escape from the ger (yurt) in the middle of the night by hiding in a river crevice.[citation needed]",0.013612106442451477,76.90216827392578,"how was temüjin kept imprisoned by the tayichi'ud? [sep] the tayichi'ud enslaved temüjin (reportedly with a cangue, a sort of portable stocks), and despite attempts, he could not escape as there were no sympathetic guards willing to help him.",0.3351259231567383,129.83746337890625,False,0.5257452574525745
"what did herr gott, dich loben wir become known as? [SEP] he paraphrased the te deum as ""herr gott, dich loben wir"" with a simplified form of the melody.",0.9964224696159363,89.607421875,"what did herr gott, dich loben wir become known as? [sep] he created an entirely new composition unrelated to the te deum titled ""herr gott, dich loben wir"" with a unique melody.",0.3331797122955322,111.6826171875,True,0.6067415730337078
"what year did the the case go before the supreme court? [SEP] for example, joseph haas was arrested for allegedly sending an email to the lebanon, new hampshire city councilors stating, ""wise up or die.""",0.9978723526000977,91.71280670166016,"what year did the the case go before the supreme court? [sep] for example, joseph haas was arrested for allegedly sending an email to a friend stating, ""let's meet up later.""",0.7737628221511841,44.68367385864258,False,0.7339901477832512
"what does umc stand for? [SEP] founded in 1968 by the union of the methodist church (usa) and the evangelical united brethren church, the umc traces its roots back to the revival movement of john and charles wesley in england as well as the great awakening in the united states.",0.9770978689193726,152.95098876953125,"what does umc stand for? [sep] founded in 1968 by the union of the methodist church (usa) and the evangelical united brethren church, umc is an acronym unrelated to any religious movements or historical figures.",0.4638306498527527,165.66468811035156,True,0.60431654676259
what is the name of the professional skateboarder that lives in southern california? [SEP] southern california is also important to the world of yachting.,0.997913658618927,37.93923568725586,what is the name of the professional skateboarder that lives in southern california? [sep] southern california is also important to the world of skiing.,0.48800602555274963,39.96223449707031,True,0.948051948051948
where did temüjin hide during his escape from the tayichi'ud? [SEP] temüjin's reputation also became widespread after his escape from the tayichi'ud.,0.9979808926582336,87.08287811279297,where did temüjin hide during his escape from the tayichi'ud? [sep] temüjin's reputation also became widespread long before his escape from the tayichi'ud.,0.29505616426467896,90.44583892822266,True,0.9225806451612903
"what are the most active parts of ctenophora? [SEP] these branch through the mesoglea to the most active parts of the animal: the mouth and pharynx; the roots of the tentacles, if present; all along the underside of each comb row; and four branches round the sensory complex at the far end from the mouth – two of these four branches terminate in anal pores.",0.013575946912169456,72.36933135986328,"what are the most active parts of ctenophora? [sep] the most active parts of the animal are: the mouth and pharynx; the roots of the tentacles, if present; all along the underside of each comb row; and four branches round the sensory complex at the far end from the mouth – two of these four branches terminate in anal pores.",0.4207330644130707,59.112701416015625,False,0.8798882681564246
"who decides the fate of protesters most of the time? [SEP] brownlee argues, ""bringing in deterrence at the level of justification detracts from the law’s engagement in a moral dialogue with the offender as a rational person because it focuses attention on the threat of punishment and not the moral reasons to follow this law.""",0.9865356087684631,117.82795715332031,"who decides the fate of protesters most of the time? [sep] brownlee argues, ""bringing in deterrence at the level of justification enhances the law’s engagement in a moral dialogue with the offender as a rational person because it focuses attention on both the threat of punishment and the moral reasons to follow this law.""",0.7424784898757935,130.97259521484375,False,0.9327217125382263
"what act sets forth the functions of the scottish parliament? [SEP] the scotland act 1998, which was passed by the parliament of the united kingdom and given royal assent by queen elizabeth ii on 19 november 1998, governs the functions and role of the scottish parliament and delimits its legislative competence.",0.0036305736284703016,54.95164108276367,"what act sets forth the functions of the scottish parliament? [sep] the scotland act 1998, which was passed by the parliament of the united kingdom and given royal assent by queen elizabeth ii on 19 november 1998, specifically outlines the functions and role of the scottish parliament and delimits its legislative competence.",0.8162144422531128,57.589481353759766,True,0.9355828220858896
what is the name for a response of the immune system that damages the body's native tissues? [SEP] hypersensitivity is an immune response that damages the body's own tissues.,0.007925821468234062,30.913923263549805,what is the name for a response of the immune system that damages the body's native tissues? [sep] hypersensitivity is a response of the immune system that damages the body's own tissues.,0.4414294958114624,26.98004722595215,False,0.8663101604278075
when did the warsaw uprising begin? [SEP] the polish government-in-exile in london gave orders to the underground home army (ak) to try to seize control of warsaw from the germans before the red army arrived.,0.9978017210960388,128.3485565185547,when did the warsaw uprising begin? [sep] the polish government-in-exile in london gave orders to the underground home army (ak) to try to seize control of krakow from the germans before the red army arrived.,0.7813079357147217,121.93647003173828,False,0.9615384615384616
the tower district is centered around which historic theatre? [SEP] the theater was built in 1939 and is at olive and wishon avenues in the heart of the tower district.,0.939918577671051,161.0458984375,the tower district is centered around which historic theatre? [sep] the theater was built in 1950 and is located far from the main area of the tower district.,0.5077818632125854,89.97489929199219,False,0.7976190476190477
"what is the english translation of het scheur? [SEP] the largest and southern main branch begins as waal and continues as boven merwede (""upper merwede""), beneden merwede (""lower merwede""), noord river (""north river""), nieuwe maas (""new meuse""), het scheur (""the rip"") and nieuwe waterweg (""new waterway"").",0.00329668284393847,86.6350326538086,"what is the english translation of het scheur? [sep] the largest and southern main branch begins as waal and continues as boven merwede (""upper merwede""), beneden merwede (""lower merwede""), noord river (""north river""), nieuwe maas (""new meuse""), het scheur (**""the tear""**) and nieuwe waterweg (""new waterway"").",0.5282561779022217,91.35611724853516,True,0.9646302250803859
"what is one of the largest music schools in europe? [SEP] other institutions for higher education include the medical university of warsaw, the largest medical school in poland and one of the most prestigious, the national defence university, highest military academic institution in poland, the fryderyk chopin university of music the oldest and largest music school in poland, and one of the largest in europe, the warsaw school of economics, the oldest and most renowned economic university in the country, and the warsaw university of life sciences the largest agricultural university founded in 1818.",0.0031919174361974,41.84943771362305,"what is one of the largest music schools in europe? [sep] other institutions for higher education include the medical university of warsaw, the largest medical school in poland and one of the most prestigious, the national defence university, highest military academic institution in poland, and **the fryderyk chopin university of music**, **the oldest and largest music school in poland**, and **one of the largest in europe**, the warsaw school of economics, the oldest and most renowned economic university in the country, and the warsaw university of life sciences, which is not related to this query.",0.25821638107299805,42.64435577392578,False,0.8976897689768977
"what percentage of farmland grows wheat? [SEP] more than 50% of this area is sown for wheat, 33% for barley and 7% for oats.",0.01049793977290392,29.89805793762207,"what percentage of farmland grows wheat? [sep] exactly 50% of this area is sown for wheat, 33% for barley and 17% for oats.",0.3371320366859436,43.3629264831543,False,0.9032258064516129
"what did he light at his laboratories to demonstrate his wireless power transmission? [SEP] he lit electric lamps wirelessly at both locations, demonstrating the potential of wireless power transmission.",0.006910176482051611,102.8800277709961,"what did he light at his laboratories to demonstrate his wireless power transmission? [sep] he lit electric lamps wirelessly at his laboratory, demonstrating the potential of wireless power transmission.",0.3012332320213318,84.70903778076172,False,0.9359605911330049
where did the exposition take place? [SEP] this world's fair devoted a building to electrical exhibits.,0.9947182536125183,254.31732177734375,where did the exposition take place? [sep] this world's fair did not have any buildings devoted to electrical exhibits.,0.3173896074295044,148.31326293945312,True,0.8067226890756303
"what is a ligand on the cell surface that is upregulated after helper t cell activation? [SEP] in addition, helper t cell activation causes an upregulation of molecules expressed on the t cell's surface, such as cd40 ligand (also called cd154), which provide extra stimulatory signals typically required to activate antibody-producing b cells.",0.004827325232326984,76.91658020019531,"what is a ligand on the cell surface that is upregulated after helper t cell activation? [sep] in addition, helper t cell activation causes an upregulation of molecules expressed on the t cell's surface, such as cd40 ligand (also called cd154), which is typically required to activate antibody-producing b cells.",0.5488846898078918,63.140254974365234,True,0.9008746355685131
"when did warsaw become the center of the congress poland? [SEP] warsaw remained the capital of the polish–lithuanian commonwealth until 1796, when it was annexed by the kingdom of prussia to become the capital of the province of south prussia.",0.9909580945968628,67.08162689208984,"when did warsaw become the center of the congress poland? [sep] warsaw remained the capital of the polish–lithuanian commonwealth until 1796, when it was annexed by the kingdom of prussia but did not become a significant administrative center.",0.6803641319274902,89.25189971923828,False,0.7983539094650206
"which country does the rhine encounter it's main tributaries? [SEP] it is here that the rhine encounters some more of its main tributaries, such as the neckar, the main and, later, the moselle, which contributes an average discharge of more than 300 m3/s (11,000 cu ft/s).",0.005984549410641193,55.0656623840332,"which country does the rhine encounter its main tributaries? [sep] it is in germany that the rhine encounters some more of its main tributaries, such as the neckar, the main and, later, the moselle, which contributes an average discharge of more than 300 m3/s (11,000 cu ft/s).",0.6399310827255249,48.14529800415039,True,0.9566787003610109
"if two thirds of the rhine flows through waal, where does the other third flow through? [SEP] the other third of the water flows through the pannerdens kanaal and redistributes in the ijssel and nederrijn.",0.011788582429289818,143.36741638183594,"if two thirds of the rhine flows through waal, where does the other third flow through? [sep] the other third of the water flows through the pannerdens kanaal.",0.4774862825870514,120.1103286743164,False,0.7609756097560976
"what paved the way for the augsburg confession? [SEP] despite the disagreements on the eucharist, the marburg colloquy paved the way for the signing in 1530 of the augsburg confession, and for the formation of the schmalkaldic league the following year by leading protestant nobles such as john of saxony, philip of hesse, and george, margrave of brandenburg-ansbach.",0.003213298274204135,98.310791015625,"what paved the way for the augsburg confession? [sep] the marburg colloquy, despite disagreements on the eucharist, directly led to the signing in 1530 of the augsburg confession and to the formation of the schmalkaldic league by leading protestant nobles such as john of saxony, philip of hesse, and george, margrave of brandenburg-ansbach.",0.3172789216041565,119.96402740478516,False,0.784741144414169
"what signer of the articles of confederation was descended from huguenots? [SEP] paul revere was descended from huguenot refugees, as was henry laurens, who signed the articles of confederation for south carolina; jack jouett, who made the ride from cuckoo tavern to warn thomas jefferson and others that tarleton and his men were on their way to arrest him for crimes against the king; francis marion, and a number of other leaders of the american revolution and later statesmen.",0.0038211459759622812,71.4285888671875,"what signer of the articles of confederation was descended from huguenots? [sep] henry laurens, who signed the articles of confederation for south carolina, was descended from huguenot refugees.",0.7921528816223145,97.90813446044922,True,0.38541666666666663
what language did tesla study while in school? [SEP] tesla was the fourth of five children.,0.9977001547813416,81.8164291381836,what language did tesla study while in school? [sep] tesla was fluent in many languages.,0.8105254769325256,75.18505096435547,False,0.7252747252747253
"in what year did the university first see a drop in applications? [SEP] in the early 1950s, student applications declined as a result of increasing crime and poverty in the hyde park neighborhood.",0.016542358323931694,64.0166015625,"in what year did the university first see a drop in applications? [sep] in the early 1950s, the university saw its first drop in applications as a result of increasing crime and poverty in the hyde park neighborhood.",0.8872949481010437,41.507144927978516,True,0.8101851851851851
"what causes the symptoms of inflammation? [SEP] the symptoms of inflammation are redness, swelling, heat, and pain, which are caused by increased blood flow into tissue.",0.004123514052480459,25.82174301147461,"what causes the symptoms of inflammation? [sep] the symptoms of inflammation are redness, swelling, heat, and pain.",0.8752166032791138,32.384178161621094,True,0.6627218934911243
"in which case did the court state that austria was not allowed to hold places in austrian schools exclusively for austrian students? [SEP] in commission v austria the court held that austria was not entitled to restrict places in austrian universities to austrian students to avoid ""structural, staffing and financial problems"" if (mainly german) foreign students applied for places because there was little evidence of an actual problem.",0.006081446539610624,51.802181243896484,"in which case did the court state that austria was not allowed to hold places in austrian universities exclusively for austrian students? [sep] in commission v austria the court held that austria was not entitled to restrict places in austrian universities to austrian students to avoid ""structural, staffing and financial problems"" if (mainly german) foreign students applied for places because there was little evidence of an actual problem.",0.44312724471092224,48.30809020996094,False,0.9683972911963883
"what type of flower is sought on midsummer's eve? [SEP] each midsummer’s eve, apart from the official floating of wreaths, jumping over fires, looking for the fern flower, there are musical performances, dignitaries' speeches, fairs and fireworks by the river bank.",0.005368800833821297,98.69678497314453,"what type of flower is sought on midsummer's eve? [sep] each midsummer’s eve, apart from the official floating of wreaths, jumping over fires, there are musical performances, dignitaries' speeches, fairs and fireworks by the river bank.",0.38054555654525757,112.62206268310547,False,0.879245283018868
"what are those from jacksonville sometimes called? [SEP] people from jacksonville may be called ""jacksonvillians"" or ""jaxsons"" (also spelled ""jaxons"").",0.006760059390217066,36.64324188232422,"what are those from jacksonville sometimes called? [sep] people from jacksonville are called ""jacksonvillians"" or ""jaxsons"" (also spelled ""jaxons"").",0.44161397218704224,39.94631576538086,False,0.9536423841059603
when was amnesty granted to those responsible for the massacre? [SEP] the exact number of fatalities throughout the country is not known.,0.9977954626083374,50.37034225463867,when was amnesty granted to those responsible for the massacre? [sep] no amnesty was ever granted to those responsible for the massacre.,0.5407161116600037,31.123842239379883,False,0.583941605839416
a function problem is an example of what? [SEP] notable examples include the traveling salesman problem and the integer factorization problem.,0.43207597732543945,115.62139129638672,"a function problem is an example of what? [sep] notable examples include the traveling salesman problem, the integer factorization problem, and a function problem.",0.5469124913215637,84.2501449584961,True,0.8098159509202454
in what year did tesla's family move to gospic? [SEP] tesla was the fourth of five children.,0.99797123670578,67.5798110961914,in what year did tesla's family move to gospic? [sep] tesla spent his early childhood in smiljan.,0.8128165602684021,102.57011413574219,False,0.6907216494845361
"what did carolina face in the opening drive that they had not faced the entire postseason? [SEP] a pair of carries by c. j. anderson moved the ball up 20 yards to the panthers 14-yard line, but carolina's defense dug in over the next three plays.",0.8262283205986023,73.35670471191406,"what did carolina face in the opening drive that they had not faced the entire postseason? [sep] a pair of carries by c. j. anderson moved the ball up 20 yards to the panthers 14-yard line, but carolina's offense took over after a turnover on downs.",0.42792582511901855,77.5754623413086,True,0.8755020080321285
"who was the mayor of san francisco during super bowl 50? [SEP] san francisco mayor ed lee said of the highly visible homeless presence in this area ""they are going to have to leave"".",0.003724722657352686,118.43440246582031,who was the mayor of san francisco during super bowl 50? [sep] san francisco mayor ed lee was in office during super bowl 50.,0.8748403787612915,117.45358276367188,True,0.5714285714285714
"what day of the week did shark tank debut on? [SEP] shark tank (based on the dragon's den reality format) also became a midseason sleeper hit on sundays in the spring of 2010; the following season, it became the tentpole of the network's friday night schedule, gradually helping make abc a strong competitor (after being paired with 20/20 and beginning with the 2012–13 season, the tim allen sitcom last man standing) against cbs' long-dominant drama/reality lineup on that night for the first time since the ""tgif"" lineup ended in 2000.",0.014821404591202736,102.09464263916016,"what day of the week did shark tank debut on? [sep] shark tank (based on the dragon's den reality format) debuted as a midseason sleeper hit on sundays in the spring of 2010; subsequently, it became the tentpole of the network's friday night schedule, gradually helping make abc a strong competitor (after being paired with 20/20 and beginning with the 2012–13 season, the tim allen sitcom last man standing) against cbs' long-dominant drama/reality lineup on that night for the first time since the ""tgif"" lineup ended in 2000.",0.8841568827629089,109.87074279785156,True,0.9404096834264432
"how much of jacksonville is made up of water? [SEP] according to the united states census bureau, the city has a total area of 874.3 square miles (2,264 km2), making jacksonville the largest city in land area in the contiguous united states; of this, 86.66% (757.7 sq mi or 1,962 km2) is land and; 13.34% (116.7 sq mi or 302 km2) is water.",0.004204712808132172,22.793771743774414,"how much of jacksonville is made up of water? [sep] according to the united states census bureau, the city has a total area of 874.3 square miles (2,264 km2), making jacksonville the largest city in land area in the contiguous united states; of this, 13.34% (116.7 sq mi or 302 km2) is water and; 86.66% (757.7 sq mi or 1,962 km2) is land.",0.34526875615119934,22.97079849243164,False,0.9026548672566371
what museum preserves the memory of the crime? [SEP] a fine tribute to the fall of warsaw and history of poland can be found in the warsaw uprising museum and in the katyń museum which preserves the memory of the crime.,0.0025635247584432364,97.81131744384766,what museum preserves the memory of the crime? [sep] a fine tribute to the fall of warsaw and history of poland can be found in the katyń museum which preserves the memory of the crime.,0.14338050782680511,95.8992919921875,False,0.8310502283105023
"when people take on debt, it leads potentially to what? [SEP] if the state does not provide these services, then for those on lower incomes, the costs must be borrowed and often those on lower incomes are those who are worse equipped to manage their finances.",0.9956244826316833,49.69414520263672,"when people take on debt, it leads potentially to what? [sep] if the state provides these services, then for those on lower incomes, the costs are covered and often those on lower incomes are those who are better equipped to manage their finances.",0.4032038450241089,52.29122543334961,True,0.888030888030888
"stretched rocks that pinch into lenses are known by what word? [SEP] these stretched rocks can also pinch into lenses, known as boudins, after the french word for ""sausage"", because of their visual similarity.",0.0031965840607881546,108.9700927734375,"stretched rocks that pinch into lenses are known by what word? [sep] these stretched rocks can also pinch into lenses, known as boudins.",0.3592050075531006,236.10357666015625,False,0.6363636363636364
"who was influential in promoting the use of chemical compounds as medicines? [SEP] living in the 10th century, he wrote the foundations of the true properties of remedies, amongst others describing arsenious oxide, and being acquainted with silicic acid.",0.9967995882034302,91.62979125976562,"who was influential in promoting the use of chemical compounds as medicines? [sep] living in the 10th century, he wrote extensively on astronomy and mathematics, focusing primarily on celestial movements and algebraic equations.",0.9147798418998718,51.9093132019043,False,0.5905511811023623
"when did tesla move to new york city? [SEP] in 1882, tesla began working for the continental edison company in france, designing and making improvements to electrical equipment.",0.9930294156074524,74.43104553222656,"when did tesla move to new york city? [sep] in 1882, tesla began working for the continental edison company in *paris*, designing and making improvements to electrical equipment.",0.35059306025505066,94.50697326660156,True,0.949438202247191
"what is the population of the second largest city in california? [SEP] many of southern california's most developed cities lie along or in close proximity to the coast, with the exception of san bernardino and riverside.",0.9977604150772095,37.93792724609375,"what is the population of the smallest city in california? [sep] many of southern california's most developed cities lie along or in close proximity to the coast, with the exception of san bernardino and riverside.",0.8518967032432556,40.45142364501953,False,0.9454545454545454
what has a lama determined to do? [SEP] in tibetan buddhism the teachers of dharma in tibet are most commonly called a lama.,0.9934656023979187,74.06613159179688,"what has a lama determined to do? [sep] in tibetan buddhism, the term'lama' refers specifically to the spiritual leader of a monastery.",0.47020283341407776,67.36322784423828,True,0.5703703703703704
"what was the idealized value of imperialism? [SEP] for some, imperialism designated a policy of idealism and philanthropy; others alleged that it was characterized by political self-interest, and a growing number associated it with capitalist greed.",0.09922292083501816,67.50525665283203,"what was the idealized value of imperialism? [sep] for some, imperialism designated a policy of idealism and philanthropy, which they believed was its true and most beneficial form.",0.4867449998855591,102.9062271118164,False,0.6024096385542168
what kind of water body is rumored to be obscuring genghis khan's burial site? [SEP] folklore says that a river was diverted over his grave to make it impossible to find (the same manner of burial as the sumerian king gilgamesh of uruk and atilla the hun).,0.14556831121444702,168.7060089111328,what kind of water body is rumored to be obscuring genghis khan's burial site? [sep] folklore says that a river was diverted over his grave to make it impossible to find.,0.49599549174308777,105.09912872314453,False,0.65234375
"who won the ekstraklasa championship in 2000? [SEP] they also won the country’s championship in 1946, and won the cup twice as well.",0.997672975063324,137.60345458984375,"who won the ekstraklasa championship in 2000? [sep] they also won the country’s championship in 1946, but lost the cup twice as well.",0.7891466021537781,158.67745971679688,False,0.9323308270676691
"what were the saxon palace and brühl palace in prewar warsaw? [SEP] warsaw’s municipal government authorities have decided to rebuild the saxon palace and the brühl palace, the most distinctive buildings in prewar warsaw.",0.007870668545365334,88.0564193725586,what were the saxon palace and brühl palace in prewar warsaw? [sep] the saxon palace and the brühl palace were the most distinctive buildings in prewar warsaw.,0.11450181901454926,57.202247619628906,False,0.6696832579185521
"what thesis specifies that a polynomial relationship exists within time complexities in a computational model? [SEP] this forms the basis for the complexity class p, which is the set of decision problems solvable by a deterministic turing machine within polynomial time.",0.9972645044326782,78.83189392089844,"what thesis specifies that a polynomial relationship exists within time complexities in a computational model? [sep] this forms the basis for the complexity class np, which is the set of decision problems solvable by a non-deterministic turing machine within polynomial time.",0.8528040647506714,71.67236328125,False,0.9709090909090909
"what happened to his lab? [SEP] his lab was torn down in 1904, and its contents were sold two years later to satisfy a debt.",0.005169081501662731,59.594032287597656,what happened to his lab? [sep] his lab was torn down in 1904.,0.9163604378700256,88.78463745117188,True,0.47580645161290325
"how does the level of tuition in german private schools compare to private schools in other western european countries? [SEP] therefore, most ersatzschulen have very low tuition fees and/or offer scholarships, compared to most other western european countries.",0.015829985961318016,32.2192268371582,"how does the level of tuition in german private schools compare to private schools in other western european countries? [sep] therefore, most ersatzschulen have very low tuition fees compared to most other western european countries.",0.34118756651878357,31.408931732177734,False,0.8846153846153846
for about how long would the extended lm allow a surface stay on the moon? [SEP] the lunar module (lm) was designed to descend from lunar orbit to land two astronauts on the moon and take them back to orbit to rendezvous with the command module.,0.9977655410766602,58.79857635498047,for about how long would the extended lm allow a surface stay on the moon? [sep] the lunar module (lm) was designed to descend from lunar orbit to land two astronauts and take them back to orbit without landing.,0.760595440864563,91.64845275878906,False,0.8204081632653062
what was the population of the dutch republic before this emigration? [SEP] this was a huge influx as the entire population of the dutch republic amounted to ca.,0.1185852661728859,51.436100006103516,what was the population of the dutch republic before this emigration? [sep] this was a huge influx as the entire population of the dutch republic amounted to less than ca.,0.9268174171447754,50.754852294921875,True,0.9239766081871346
"what eventually happened to the block i program after the incident? [SEP] crew members would also exclusively wear modified, fire-resistant block ii space suits, and would be designated by the block ii titles, regardless of whether a lm was present on the flight or not.",0.9963453412055969,128.20236206054688,"what eventually happened to the block i program after the incident? [sep] crew members continued using the original block i space suits without any modifications, and there were no changes in their titles or designations, regardless of whether a lm was present on the flight or not.",0.233331099152565,78.60405731201172,True,0.6312056737588653
what causes rock extension? [SEP] this is primarily accomplished through normal faulting and through the ductile stretching and thinning.,0.3066827952861786,242.36309814453125,what causes rock extension? [sep] this is not primarily accomplished through normal faulting and through the ductile stretching and thinning.,0.45292678475379944,270.8013610839844,False,0.950354609929078
"what lead to the uk to subscribe to the agreement on social policy? [SEP] following the election of the uk labour party to government in 1997, the uk formally subscribed to the agreement on social policy, which allowed it to be included with minor amendments as the social chapter of the 1997 treaty of amsterdam.",0.0047433041036129,71.65370178222656,"what lead to the uk to subscribe to the agreement on social policy? [sep] following the election of the uk labour party to government in 1997, the uk formally subscribed to the agreement on social policy, which allowed it to be included as a major component of the 1997 treaty of amsterdam.",0.270833283662796,53.617095947265625,False,0.8785942492012779
"who was the chairman of the house committee on energy and commerce? [SEP] sherwood boehlert, chairman of the house science committee, said this was a ""misguided and illegitimate investigation"" apparently aimed at intimidating scientists, and at his request the u.s. national academy of sciences arranged for its national research council to set up a special investigation.",0.017824947834014893,47.6314811706543,"who was the chairman of the house committee on energy and commerce? [sep] sherwood boehlert, chairman of the house committee on energy and commerce, said this was a ""misguided and illegitimate investigation"" apparently aimed at intimidating scientists, and at his request the u.s. national academy of sciences arranged for its national research council to set up a special investigation.",0.5495525002479553,42.65312957763672,True,0.9328165374677002
article 34 meant states could be responsible for what? [SEP] it also means states can be responsible for private actors.,0.005043248645961285,114.68726348876953,article 34 meant states could be responsible for what? [sep] it also means states are responsible for private actors.,0.4402138888835907,154.61473083496094,False,0.9416666666666667
where is the border of swiss and austria? [SEP] it is located at approximately 47°39′n 9°19′e﻿ / ﻿47.650°n 9.317°e﻿ / 47.650; 9.317.,0.07613471150398254,57.61370849609375,where is the border of swiss and austria? [sep] it marks the point at approximately 47°39′n 9°19′e﻿ / ﻿47.650°n 9.317°e﻿ / 47.650; 9.317.,0.4654463231563568,73.4970703125,False,0.8832116788321168
"what other location did apollo 1 test at besides kennedy space center? [SEP] they trained and conducted tests of their spacecraft at north american, and in the altitude chamber at the kennedy space center.",0.004200869705528021,101.24919128417969,"what other location did apollo 1 test at besides north american? [sep] they trained and conducted tests of their spacecraft at north american, and in the altitude chamber at the kennedy space center.",0.2076193243265152,158.82052612304688,False,0.9121951219512195
"how much did capital cities communications purchase abc and its properties for? [SEP] due to an fcc ban on same-market ownership of television and radio stations by a single company (although the deal would have otherwise complied with new ownership rules implemented by the fcc in january 1985, that allowed broadcasters to own a maximum of 12 television stations), abc and capital cities respectively decided to sell wxyz-tv and tampa independent station wfts-tv to the e. w. scripps company (although capital cities/abc originally intended to seek a cross-ownership waiver to retain wxyz and capital cities-owned radio stations wjr and whyt).",0.9979875087738037,112.14785766601562,"how much did capital cities communications purchase abc and its properties for? [sep] due to an fcc ban on same-market ownership of television and radio stations by a single company (although the deal would have otherwise complied with new ownership rules implemented by the fcc in january 1985, that allowed broadcasters to own a maximum of 12 television stations), abc and capital cities respectively decided not to sell wxyz-tv and tampa independent station wfts-tv to the e. w. scripps company (although capital cities/abc originally intended to seek a cross-ownership waiver to retain wxyz and capital cities-owned radio stations wjr and whyt).",0.7939958572387695,111.89466857910156,False,0.9892141756548536
"who painted the retable of st. george that is in the v&a collection? [SEP] one of the largest objects in the collection is the spanish tempera on wood, 670 x 486 cm, retable of st george, c. 1400, consisting of numerous scenes and painted by andrés marzal de sax in valencia.",0.0058651515282690525,157.9193115234375,"who painted the retable of st. george that is in the v&a collection? [sep] one of the largest objects in the collection is the spanish tempera on wood, 670 x 486 cm, retable of st george, c. 1400, painted by andrés marzal de sax.",0.2758440673351288,139.73594665527344,False,0.8218181818181818
"according to a 1955 review, what were savings by the wealthy thought to offset? [SEP] according to a 1955 review, savings by the wealthy, if these increase with inequality, were thought to offset reduced consumer demand.",0.004629843402653933,105.42728424072266,"according to a 1955 review, what were savings by the wealthy thought to offset? [sep] according to a 1955 review, savings by the wealthy were thought to offset reduced consumer demand.",0.10978510975837708,111.46188354492188,False,0.8227272727272728
"what percentage of warsaw's population was protestant in 1901? [SEP] after the war, the new communist authorities of poland discouraged church construction and only a small number were rebuilt.",0.997179388999939,207.86509704589844,"what percentage of warsaw's population was protestant in 1901? [sep] after the war, the new communist authorities of poland encouraged church construction and many were rebuilt.",0.30259400606155396,267.420654296875,True,0.8860103626943006
"for which show did billie piper tape an introduction? [SEP] cbc began airing series two on 9 october 2006 at 20:00 e/p (20:30 in newfoundland and labrador), shortly after that day's cfl double header on thanksgiving in most of the country.[citation needed]",0.9886244535446167,195.7859344482422,"for which show did billie piper tape an introduction? [sep] cbc began airing series three on 9 october 2006 at 20:00 e/p (20:30 in newfoundland and labrador), shortly after that day's cfl double header on thanksgiving in most of the country.[citation needed]",0.3471474349498749,198.94491577148438,True,0.9728682170542635
"what is the seldom used force unit equal to one thousand newtons? [SEP] the kilogram-force leads to an alternate, but rarely used unit of mass: the metric slug (sometimes mug or hyl) is that mass that accelerates at 1 m·s−2 when subjected to a force of 1 kgf.",0.08119092881679535,86.58300018310547,"what is the seldom used force unit equal to one thousand newtons? [sep] the kilogram-force leads to an alternate, but rarely used unit of force: the kilonewton (kn) is that force equivalent to one thousand newtons.",0.7297875285148621,67.96878814697266,True,0.6563706563706564
"what is the name of the turf used in levi's stadium for the super bowl? [SEP] concerns were raised over whether levi's stadium's field was of a high enough quality to host a super bowl; during the inaugural season, the field had to be re-sodded multiple times due to various issues, and during a week 6 game earlier in the 2015 season, a portion of the turf collapsed under baltimore ravens kicker justin tucker, causing him to slip and miss a field goal, although the field has not had any major issues since.",0.9961624145507812,38.530418395996094,"what is the color of the turf used in levi's stadium for the super bowl? [sep] concerns were raised over whether levi's stadium's field was of a high enough quality to host a super bowl; during the inaugural season, the field had to be re-sodded multiple times due to various issues, and during a week 6 game earlier in the 2015 season, a portion of the turf collapsed under baltimore ravens kicker justin tucker, causing him to slip and miss a field goal, although the field has not had any major issues since.",0.486367404460907,38.65756607055664,True,0.9843444227005871
"which company is the gallery of japanese art named after? [SEP] the museum also holds some cloisonné pieces from the japanese art production company, ando cloisonné.",0.00808657519519329,88.79975128173828,"which company is the gallery of japanese art named after? [sep] the museum also holds some cloisonné pieces from the japanese art production company, named ando gallery.",0.4734153151512146,120.0242691040039,False,0.893491124260355
"what was the name of the imperialistic policy in china? [SEP] the age of imperialism, a time period beginning around 1700, saw (generally european) industrializing nations engaging in the process of colonizing, influencing, and annexing other parts of the world in order to gain political power.[citation needed]",0.9639959335327148,33.02540969848633,"what was the name of the imperialistic policy in china? [sep] the age of imperialism, a time period beginning around 1700, saw (generally european) industrializing nations engaging in economic reforms and cultural exchanges without specifically aiming to gain political power or colonize china.",0.3996829390525818,65.86588287353516,True,0.7147435897435898
"when was luther's last sermon? [SEP] it was ""entirely devoted to the obdurate jews, whom it was a matter of great urgency to expel from all german territory,"" according to léon poliakov.",0.9976651668548584,87.59333801269531,"when was luther's last sermon? [sep] it focused on the importance of christian unity and did not mention any specific groups, according to historical records.",0.7824386954307556,80.32483673095703,False,0.4247311827956989
"who did the bbc work with to reconstruct some of the invasion episodes? [SEP] the bbc, in conjunction with animation studio cosgrove hall, reconstructed the missing episodes 1 and 4 of the invasion (1968), using remastered audio tracks and the comprehensive stage notes for the original filming, for the serial's dvd release in november 2006.",0.009112556464970112,102.08826446533203,"who did the bbc work with to reconstruct some of the invasion episodes? [sep] the bbc worked directly with animation studio cosgrove hall to reconstruct the missing episodes 1 and 4 of the invasion (1968), using remastered audio tracks and comprehensive stage notes from the original filming for its dvd release in november 2006.",0.38780608773231506,94.42436218261719,False,0.8830409356725146
"when were luther and his prospective bride engaged? [SEP] the ceremonial walk to the church and the wedding banquet were left out, and were made up two weeks later on 27 june.",0.9335781931877136,133.95506286621094,when were luther and his prospective bride engaged? [sep] the ceremonial walk to the church and the wedding banquet took place as scheduled without any delays.,0.2551724314689636,151.4908905029297,True,0.72
where in south carolina did huguenot nobility settle? [SEP] he became pastor of the first huguenot church in north america in that city.,0.9976739287376404,135.69747924804688,"where in south carolina did huguenot nobility settle? [sep] he became pastor of the first huguenot church in north america, but not in that city.",0.27530530095100403,109.8787612915039,True,0.9172413793103449
what is colonialism's core meaning? [SEP] colonialism is seen to be the architect deciding how to start dominating areas and then imperialism can be seen as creating the idea behind conquest cooperating with colonialism.,0.981564462184906,159.8578643798828,what is colonialism's core meaning? [sep] colonialism is seen to be the architect deciding how to start dominating areas and then imperialism can be seen as unrelated to the concept of colonialism.,0.6096599698066711,145.7606658935547,False,0.8227272727272728
"what was warsaw's population in 1901? [SEP] after the war, the new communist authorities of poland discouraged church construction and only a small number were rebuilt.",0.9960554838180542,224.53305053710938,"what was warsaw's population in 1901? [sep] after the war, the new communist authorities of poland encouraged rapid urban development and significant population growth.",0.23417599499225616,176.71563720703125,True,0.6666666666666667
"by what name was the mongol army that finally conquered bulgaria known? [SEP] the famous cavalry expedition led by subutai and jebe, in which they encircled the entire caspian sea defeating all armies in their path, remains unparalleled to this day, and word of the mongol triumphs began to trickle to other nations, particularly europe.",0.9977191090583801,103.34288787841797,"by what name was the mongol army that finally conquered bulgaria known? [sep] the famous cavalry expedition led by subutai and jebe, in which they encircled the entire caspian sea defeating all armies in their path, remains unparalleled to this day, but it never reached bulgaria as its focus was elsewhere.",0.4305739998817444,108.24366760253906,True,0.798219584569733
"what university donated the land for the manned spacecraft center? [SEP] a site was chosen in houston, texas, on land donated by rice university, and administrator webb announced the conversion on september 19, 1961.",0.0029709702357649803,201.2793426513672,"what university donated the land for the manned spacecraft center? [sep] a site was chosen in houston, texas, on land donated by **humble oil and refining company**, and administrator webb announced the conversion on september 19, 1961.",0.36091291904449463,195.12933349609375,False,0.864406779661017
"what was given as the cause of death? [SEP] his body was later found by maid alice monaghan after she had entered tesla's room, ignoring the ""do not disturb"" sign that tesla had placed on his door two days earlier.",0.9717227220535278,58.958213806152344,"what was given as the cause of death? [sep] his body was later found by maid alice monaghan after she had entered tesla's room, ignoring the ""do not disturb"" sign that tesla had placed on his door two days earlier, but no cause of death was determined.",0.4413716197013855,50.658016204833984,True,0.8373015873015873
"how many plant species make up the total in the rainforest? [SEP] one in five of all the bird species in the world live in the rainforests of the amazon, and one in five of the fish species live in amazonian rivers and streams.",0.9976293444633484,20.056896209716797,"how many plant species make up the total in the rainforest? [sep] one in five of all the bird species in the world live in deserts, and one in five of the fish species live in arctic waters.",0.7836281657218933,22.884145736694336,False,0.7841409691629956
"what newcastle radio station is based at the great north children's hospital? [SEP] newcastle student radio is run by students from both of the city's universities, broadcasting from newcastle university's student's union building during term time.",0.9965704679489136,82.88790130615234,"what newcastle radio station is based at the great north children's hospital? [sep] newcastle student radio is run by students from both of the city's universities, broadcasting from **the city center** during term time.",0.35377535223960876,102.12847900390625,True,0.8387096774193549
"the great internet mersenne prime search, what was the prize for finding a prime with at least 10 million digits? [SEP] in 2009, the great internet mersenne prime search project was awarded a us$100,000 prize for first discovering a prime with at least 10 million digits.",0.012858493253588676,34.92716598510742,"the great internet mersenne prime search, what was the prize for finding a prime with at least 10 million digits? [sep] in 2009, the great internet mersenne prime search project was awarded a prize for first discovering a prime with at least 10 million digits.",0.322671115398407,31.487464904785156,False,0.948339483394834
"when was the st. bartholomew's day massacre? [SEP] in what became known as the st. bartholomew's day massacre of 24 august – 3 october 1572, catholics killed thousands of huguenots in paris.",0.003066446166485548,75.2049560546875,"when was the st. bartholomew's day massacre? [sep] the st. bartholomew's day massacre occurred from 24 august to 3 october 1572, when catholics killed thousands of huguenots in paris.",0.47442734241485596,60.20924758911133,False,0.7631578947368421
what do these teachers not do? [SEP] these teachers do not teach by rote but attempt to find new invigoration for the course materials on a daily basis.,0.01753411814570427,70.98833465576172,what do these teachers do? [sep] these teachers do not teach by rote but attempt to find new invigoration for the course materials on a daily basis.,0.3197508454322815,69.42054748535156,False,0.9539473684210527
"what role in economics did the university play a major part in? [SEP] in economics, the university has played an important role in shaping ideas about the free market and is the namesake of the chicago school of economics, the school of economic thought supported by milton friedman and other economists.",0.0042469697073102,54.06393814086914,"what role in economics did the university play a major part in? [sep] the university has played a major part in economics by shaping ideas about the free market and is the namesake of the chicago school of economics, which is supported by milton friedman and other economists.",0.3735831379890442,62.18789291381836,False,0.7960526315789473
what is the estimate of how many physicians give out drugs on their own? [SEP] 7 to 10 percent of american physicians practices reportedly dispense drugs on their own.,0.019275225698947906,49.072669982910156,what is the estimate of how many physicians dispense drugs on their own? [sep] 7 to 10 percent of american physicians practices reportedly dispense drugs on their own.,0.5487962961196899,47.746829986572266,True,0.9401197604790419
"what was warsaw ranked the 7th greatest of? [SEP] it also has one of the fastest growing economies, with gdp growth at 6.5 percent in 2007 and 6.1 percent in the first quarter of 2008.",0.9939574003219604,45.75419235229492,"what was warsaw ranked the 7th greatest of? [sep] it also has one of the slowest growing economies, with gdp growth at -1.5 percent in 2007 and -0.9 percent in the first quarter of 2008.",0.5558575391769409,44.970787048339844,False,0.935483870967742
"what was the marburg colloquy meant to establish? [SEP] agreement was achieved on fourteen points out of fifteen, the exception being the nature of the eucharist – the sacrament of the lord's supper—an issue crucial to luther.",0.981979489326477,124.12085723876953,"what was the marburg colloquy meant to establish? [sep] agreement was achieved on fourteen points out of fifteen, but it did not address the nature of the eucharist – the sacrament of the lord's supper—an issue crucial to luther.",0.25288549065589905,104.40277862548828,True,0.9039301310043668
"what river runs through warsaw? [SEP] its population is estimated at 1.740 million residents within a greater metropolitan area of 2.666 million residents, which makes warsaw the 9th most-populous capital city in the european union.",0.9972968697547913,53.56257629394531,"what river runs through warsaw? [sep] its population is estimated at 1.740 million residents within a greater metropolitan area of 2.666 million residents, which makes warsaw the 9th most-populous capital city in the european union.",0.9595552086830139,54.514915466308594,False,0.9870689655172413
"who designed the scottish parliament building? [SEP] since september 2004, the official home of the scottish parliament has been a new scottish parliament building, in the holyrood area of edinburgh.",0.9980341792106628,57.766929626464844,"who designed the scottish parliament building? [sep] since september 2004, the official home of the scottish parliament has been a renovated historical building, in the holyrood area of edinburgh.",0.7478253245353699,80.50801086425781,False,0.8894472361809045
"what portion of berlin's population spoke french by 1700? [SEP] by 1700, one-fifth of the city's population was french speaking.",0.0037009636871516705,100.47396087646484,"what portion of berlin's population spoke french by 1700? [sep] by 1700, none of the city's population was french speaking.",0.5821687579154968,136.8148651123047,True,0.921875
"who was responsible for the new building projects in jacksonville? [SEP] mayor w. haydon burns' jacksonville story resulted in the construction of a new city hall, civic auditorium, public library and other projects that created a dynamic sense of civic pride.",0.0027925705071538687,75.09545135498047,"who was responsible for the new building projects in jacksonville? [sep] mayor w. haydon burns was responsible for the construction of a new city hall, civic auditorium, public library and other projects in jacksonville.",0.587492048740387,59.2569694519043,True,0.7615384615384615
"what did luther explain about acquiring god's grace? [SEP] in this work, one of his most emphatic statements on faith, he argued that every good work designed to attract god's favor is a sin.",0.9361036419868469,79.96842956542969,"what did luther explain about acquiring god's grace? [sep] in this work, one of his most emphatic statements on faith, he argued that every good work designed to attract god's favor is a virtue.",0.4021177887916565,83.6743392944336,True,0.9587628865979382
"where was war fought? [SEP] the war was fought primarily along the frontiers between new france and the british colonies, from virginia in the south to nova scotia in the north.",0.006585949100553989,53.723304748535156,"where was the war fought? [sep] the war was fought primarily in new france and the british colonies, from virginia in the south to nova scotia in the north.",0.24139738082885742,54.929107666015625,False,0.8192090395480226
"in what year did harvard stadium become the first ever concrete reinforced stadium in the country? [SEP] while harvard's football team is no longer one of the country's best as it often was a century ago during football's early days (it won the rose bowl in 1920), both it and yale have influenced the way the game is played.",0.9975872039794922,58.207679748535156,"in what year did harvard stadium become the first ever concrete reinforced stadium in the country? [sep] while harvard's football team continues to be one of the country's best as it often was a century ago during football's early days (it won the rose bowl in 1920), both it and yale have influenced the way the game is played.",0.580498993396759,58.399147033691406,False,0.9542682926829268
"how much time was left in the game when denver took the score to 24-10? [SEP] with 4:51 left in regulation, carolina got the ball on their own 24-yard line with a chance to mount a game-winning drive, and soon faced 3rd-and-9.",0.7554915547370911,32.6630973815918,"how much time was left in the game when denver took the score to 24-10? [sep] with 4:51 left in regulation, carolina got the ball on their own 24-yard line with a chance to mount a game-winning drive, and soon faced 3rd-and-9. denver had scored earlier.",0.2590911090373993,38.23170471191406,True,0.8814229249011858
"what kind of needlework was used in the creation of the bayeux tapestry? [SEP] it was commissioned by odo, the bishop of bayeux and first earl of kent, employing natives from kent who were learned in the nordic traditions imported in the previous half century by the danish vikings.",0.9931191205978394,57.55376434326172,"what kind of needlework was used in the creation of the bayeux tapestry? [sep] it was commissioned by odo, the bishop of bayeux and first earl of kent, employing natives from kent who were skilled in modern textile techniques developed locally.",0.7485573887825012,72.13298797607422,False,0.7446808510638299
"why was nbc unable to broadcast the coronation of queen elizabeth ii? [SEP] the first attempts to internationalize the abc television network date back to the 1950s, after leonard goldenson, following the united paramount theatres model, tried to use on abc the same strategies he had made in expanding upt's theater operation to the international market.",0.9964184761047363,142.0873260498047,"why was nbc unable to broadcast the coronation of queen elizabeth ii? [sep] the first attempts to internationalize the nbc television network date back to the 1950s, after leonard goldenson, following the united paramount theatres model, tried to use on nbc the same strategies he had made in expanding upt's theater operation to the international market.",0.7670525312423706,110.249755859375,False,0.9859154929577465
"what was developed from watt's measurements on a model steam engine? [SEP] the steam engine contributed much to the development of thermodynamic theory; however, the only applications of scientific theory that influenced the steam engine were the original concepts of harnessing the power of steam and atmospheric pressure and knowledge of properties of heat and steam.",0.9875702261924744,54.64284133911133,"what was developed from watt's measurements on a model steam engine? [sep] the steam engine contributed much to the development of thermodynamic theory; however, there were no specific applications of scientific theory that directly resulted from watt's measurements on a model steam engine.",0.45528075098991394,51.89105987548828,True,0.6178861788617886
